<?xml version = '1.0' encoding = 'UTF-8'?>
<relationalModel class="oracle.dbtools.crest.model.design.relational.RelationalDesign" name="Relational_1" id="714D238A-92A3-7402-D2BD-DB7A36B389C6" mainViewID="85C0E4A6-7349-D05F-DAA8-5A762E708E81">
<createdBy>crist</createdBy>
<createdTime>2025-08-15 14:52:14 UTC</createdTime>
<ownerDesignName>Exp1_S1_Grupo3</ownerDesignName>
<shouldBeOpen>false</shouldBeOpen>
<selectedRDBMSSite>32076570-2523-435C-2E92-BF29817DFF70</selectedRDBMSSite>
</relationalModel>