<?xml version = '1.0' encoding = 'UTF-8'?>
<Entity class="oracle.dbtools.crest.model.design.logical.Entity" directorySegmentName="seg_0" id="1E586A11-E9C8-3F85-D5B9-EAFA55C7146F" name="Tipo_PAX">
<createdBy>crist</createdBy>
<createdTime>2025-08-15 15:17:37 UTC</createdTime>
<ownerDesignName>Exp1_S1_Grupo3</ownerDesignName>
<engineerTo>
<item key="714D238A-92A3-7402-D2BD-DB7A36B389C6" value="true"/>
</engineerTo>
<adequatelyNormalized>NO</adequatelyNormalized>
<expectedVolumes>0</expectedVolumes>
<fwdEngineeringStrategyName>Single Table</fwdEngineeringStrategyName>
<growthPercent>0</growthPercent>
<growthType>Year</growthType>
<maxVolumes>9999999</maxVolumes>
<minVolumes>0</minVolumes>
<normalForm>Third</normalForm>
<attributes itemClass="oracle.dbtools.crest.model.design.logical.Attribute">
<Attribute name="ADT" id="F6761EF5-BBAF-9345-DD08-811E40480472">
<createdBy>crist</createdBy>
<createdTime>2025-08-15 15:17:46 UTC</createdTime>
<ownerDesignName>Exp1_S1_Grupo3</ownerDesignName>
<engineerTo>
<item key="714D238A-92A3-7402-D2BD-DB7A36B389C6" value="true"/>
</engineerTo>
<useDomainConstraints>false</useDomainConstraints>
<use>1</use>
<logicalDatatype>LOGDT025</logicalDatatype>
<ownDataTypeParameters>,,</ownDataTypeParameters>
</Attribute>
<Attribute name="CHD" id="9B0D5FCE-0908-4AE9-8713-45B2C04BBC6A">
<createdBy>crist</createdBy>
<createdTime>2025-08-15 15:17:56 UTC</createdTime>
<ownerDesignName>Exp1_S1_Grupo3</ownerDesignName>
<engineerTo>
<item key="714D238A-92A3-7402-D2BD-DB7A36B389C6" value="true"/>
</engineerTo>
<useDomainConstraints>false</useDomainConstraints>
<use>1</use>
<logicalDatatype>LOGDT025</logicalDatatype>
<ownDataTypeParameters>,,</ownDataTypeParameters>
</Attribute>
<Attribute name="INF" id="7D6CF35D-951D-E9AB-15DF-7205B664E1F5">
<createdBy>crist</createdBy>
<createdTime>2025-08-15 15:18:07 UTC</createdTime>
<ownerDesignName>Exp1_S1_Grupo3</ownerDesignName>
<engineerTo>
<item key="714D238A-92A3-7402-D2BD-DB7A36B389C6" value="true"/>
</engineerTo>
<useDomainConstraints>false</useDomainConstraints>
<use>1</use>
<logicalDatatype>LOGDT025</logicalDatatype>
<ownDataTypeParameters>,,</ownDataTypeParameters>
</Attribute>
</attributes>
</Entity>