<?xml version = '1.0' encoding = 'UTF-8'?>
<Entity class="oracle.dbtools.crest.model.design.logical.Entity" directorySegmentName="seg_0" id="2536CCD6-F8C3-4263-EBCA-3F3053E35502" name="Pasajero">
<createdBy>crist</createdBy>
<createdTime>2025-08-15 15:11:50 UTC</createdTime>
<ownerDesignName>Exp1_S1_Grupo3</ownerDesignName>
<engineerTo>
<item key="714D238A-92A3-7402-D2BD-DB7A36B389C6" value="true"/>
</engineerTo>
<adequatelyNormalized>NO</adequatelyNormalized>
<expectedVolumes>0</expectedVolumes>
<fwdEngineeringStrategyName>Single Table</fwdEngineeringStrategyName>
<growthPercent>0</growthPercent>
<growthType>Year</growthType>
<maxVolumes>9999999</maxVolumes>
<minVolumes>0</minVolumes>
<normalForm>Third</normalForm>
<attributes itemClass="oracle.dbtools.crest.model.design.logical.Attribute">
<Attribute name="ID" id="60C9F89A-CC92-4D5E-2F82-686C16AE9CA7">
<createdBy>crist</createdBy>
<createdTime>2025-08-15 15:12:15 UTC</createdTime>
<ownerDesignName>Exp1_S1_Grupo3</ownerDesignName>
<engineerTo>
<item key="714D238A-92A3-7402-D2BD-DB7A36B389C6" value="true"/>
</engineerTo>
<nullsAllowed>true</nullsAllowed>
<useDomainConstraints>false</useDomainConstraints>
<use>1</use>
<logicalDatatype>LOGDT024</logicalDatatype>
<ownDataTypeParameters>,,</ownDataTypeParameters>
</Attribute>
<Attribute name="Pasaporte" id="41599B4D-EEBD-3046-5079-90A229483228">
<createdBy>crist</createdBy>
<createdTime>2025-08-15 15:13:17 UTC</createdTime>
<ownerDesignName>Exp1_S1_Grupo3</ownerDesignName>
<engineerTo>
<item key="714D238A-92A3-7402-D2BD-DB7A36B389C6" value="true"/>
</engineerTo>
<useDomainConstraints>false</useDomainConstraints>
<use>1</use>
<logicalDatatype>LOGDT024</logicalDatatype>
<ownDataTypeParameters>,,</ownDataTypeParameters>
</Attribute>
<Attribute name="PNombre" id="B3508937-3980-BE38-6587-E922C0808103">
<createdBy>crist</createdBy>
<createdTime>2025-08-15 15:13:33 UTC</createdTime>
<ownerDesignName>Exp1_S1_Grupo3</ownerDesignName>
<engineerTo>
<item key="714D238A-92A3-7402-D2BD-DB7A36B389C6" value="true"/>
</engineerTo>
<useDomainConstraints>false</useDomainConstraints>
<use>1</use>
<logicalDatatype>LOGDT024</logicalDatatype>
<ownDataTypeParameters>,,</ownDataTypeParameters>
</Attribute>
<Attribute name="SNombre" id="4E0077B5-0309-64EF-15A2-D6D7FEE87D8B">
<createdBy>crist</createdBy>
<createdTime>2025-08-15 15:13:48 UTC</createdTime>
<ownerDesignName>Exp1_S1_Grupo3</ownerDesignName>
<engineerTo>
<item key="714D238A-92A3-7402-D2BD-DB7A36B389C6" value="true"/>
</engineerTo>
<useDomainConstraints>false</useDomainConstraints>
<use>1</use>
<logicalDatatype>LOGDT024</logicalDatatype>
<ownDataTypeParameters>,,</ownDataTypeParameters>
</Attribute>
<Attribute name="ApellidoP" id="A94F11DF-CF64-FF79-9549-B4BE4BE71023">
<createdBy>crist</createdBy>
<createdTime>2025-08-15 15:15:26 UTC</createdTime>
<ownerDesignName>Exp1_S1_Grupo3</ownerDesignName>
<engineerTo>
<item key="714D238A-92A3-7402-D2BD-DB7A36B389C6" value="true"/>
</engineerTo>
<useDomainConstraints>false</useDomainConstraints>
<use>1</use>
<logicalDatatype>LOGDT024</logicalDatatype>
<ownDataTypeParameters>,,</ownDataTypeParameters>
</Attribute>
<Attribute name="ApellidoM" id="E16C2BCE-43EB-C649-B416-00B2DEE0D02F">
<createdBy>crist</createdBy>
<createdTime>2025-08-15 15:15:41 UTC</createdTime>
<ownerDesignName>Exp1_S1_Grupo3</ownerDesignName>
<engineerTo>
<item key="714D238A-92A3-7402-D2BD-DB7A36B389C6" value="true"/>
</engineerTo>
<useDomainConstraints>false</useDomainConstraints>
<use>1</use>
<logicalDatatype>LOGDT024</logicalDatatype>
<ownDataTypeParameters>,,</ownDataTypeParameters>
</Attribute>
<Attribute name="Fecha_Nacimiento" id="1C9BB9CF-B1E4-C156-1BC8-CFB4E126EDDA">
<createdBy>crist</createdBy>
<createdTime>2025-08-15 15:15:56 UTC</createdTime>
<ownerDesignName>Exp1_S1_Grupo3</ownerDesignName>
<engineerTo>
<item key="714D238A-92A3-7402-D2BD-DB7A36B389C6" value="true"/>
</engineerTo>
<useDomainConstraints>false</useDomainConstraints>
<use>1</use>
<logicalDatatype>LOGDT007</logicalDatatype>
<ownDataTypeParameters>,,</ownDataTypeParameters>
</Attribute>
<Attribute name="Nacionalidad" id="ECFBC4E1-73F6-036F-791C-5CBF85B7A5AE">
<createdBy>crist</createdBy>
<createdTime>2025-08-15 15:16:08 UTC</createdTime>
<ownerDesignName>Exp1_S1_Grupo3</ownerDesignName>
<engineerTo>
<item key="714D238A-92A3-7402-D2BD-DB7A36B389C6" value="true"/>
</engineerTo>
<useDomainConstraints>false</useDomainConstraints>
<use>1</use>
<logicalDatatype>LOGDT024</logicalDatatype>
<ownDataTypeParameters>,,</ownDataTypeParameters>
</Attribute>
<Attribute name="Celular" id="E0EF67C1-DB84-604F-DE6E-E50EA052031E">
<createdBy>crist</createdBy>
<createdTime>2025-08-15 15:16:23 UTC</createdTime>
<ownerDesignName>Exp1_S1_Grupo3</ownerDesignName>
<engineerTo>
<item key="714D238A-92A3-7402-D2BD-DB7A36B389C6" value="true"/>
</engineerTo>
<useDomainConstraints>false</useDomainConstraints>
<use>1</use>
<logicalDatatype>LOGDT024</logicalDatatype>
<ownDataTypeParameters>,,</ownDataTypeParameters>
</Attribute>
<Attribute name="Tipo_Pax" id="1620E4E3-0360-75DA-EC4B-E0EEE712124D">
<createdBy>crist</createdBy>
<createdTime>2025-08-15 15:17:20 UTC</createdTime>
<ownerDesignName>Exp1_S1_Grupo3</ownerDesignName>
<engineerTo>
<item key="714D238A-92A3-7402-D2BD-DB7A36B389C6" value="true"/>
</engineerTo>
<useDomainConstraints>false</useDomainConstraints>
<use>1</use>
<logicalDatatype>LOGDT025</logicalDatatype>
<ownDataTypeParameters>,,</ownDataTypeParameters>
</Attribute>
</attributes>
<identifiers itemClass="oracle.dbtools.crest.model.design.logical.CandidateKey">
<identifier id="980B84AD-AAC1-C3C0-77B9-E4EB07A6DC08" name="Pasajero PK">
<createdBy>crist</createdBy>
<createdTime>2025-08-15 15:12:32 UTC</createdTime>
<ownerDesignName>Exp1_S1_Grupo3</ownerDesignName>
<engineerTo>
<item key="714D238A-92A3-7402-D2BD-DB7A36B389C6" value="true"/>
</engineerTo>
<pk>true</pk>
<usedAttributes>
<attributeRef>41599B4D-EEBD-3046-5079-90A229483228</attributeRef>
</usedAttributes>
</identifier>
</identifiers>
</Entity>