<?xml version = '1.0' encoding = 'UTF-8'?>
<Entity class="oracle.dbtools.crest.model.design.logical.Entity" directorySegmentName="seg_0" id="3046C37E-58B8-1A07-0C87-A45A0F851868" name="Reserva">
<createdBy>crist</createdBy>
<createdTime>2025-08-15 15:19:58 UTC</createdTime>
<ownerDesignName>Exp1_S1_Grupo3</ownerDesignName>
<engineerTo>
<item key="714D238A-92A3-7402-D2BD-DB7A36B389C6" value="true"/>
</engineerTo>
<adequatelyNormalized>NO</adequatelyNormalized>
<expectedVolumes>0</expectedVolumes>
<fwdEngineeringStrategyName>Single Table</fwdEngineeringStrategyName>
<growthPercent>0</growthPercent>
<growthType>Year</growthType>
<maxVolumes>9999999</maxVolumes>
<minVolumes>0</minVolumes>
<normalForm>Third</normalForm>
<attributes itemClass="oracle.dbtools.crest.model.design.logical.Attribute">
<Attribute name="Codigo_Reserva" id="B5A8C1C6-6540-A4CC-621F-7978D3AEA050">
<createdBy>crist</createdBy>
<createdTime>2025-08-15 15:20:10 UTC</createdTime>
<ownerDesignName>Exp1_S1_Grupo3</ownerDesignName>
<engineerTo>
<item key="714D238A-92A3-7402-D2BD-DB7A36B389C6" value="true"/>
</engineerTo>
<useDomainConstraints>false</useDomainConstraints>
<use>1</use>
<logicalDatatype>LOGDT024</logicalDatatype>
<ownDataTypeParameters>,,</ownDataTypeParameters>
</Attribute>
<Attribute name="Tarifa" id="9FD824C9-880A-0B6D-043A-49AA2AD6DE30">
<createdBy>crist</createdBy>
<createdTime>2025-08-15 15:21:16 UTC</createdTime>
<ownerDesignName>Exp1_S1_Grupo3</ownerDesignName>
<engineerTo>
<item key="714D238A-92A3-7402-D2BD-DB7A36B389C6" value="true"/>
</engineerTo>
<useDomainConstraints>false</useDomainConstraints>
<use>1</use>
<logicalDatatype>LOGDT019</logicalDatatype>
<ownDataTypeParameters>,,</ownDataTypeParameters>
</Attribute>
<Attribute name="Maleta" id="37D73FDD-881E-1D3A-756B-3C67D2D1BAFF">
<createdBy>crist</createdBy>
<createdTime>2025-08-15 15:21:35 UTC</createdTime>
<ownerDesignName>Exp1_S1_Grupo3</ownerDesignName>
<engineerTo>
<item key="714D238A-92A3-7402-D2BD-DB7A36B389C6" value="true"/>
</engineerTo>
<useDomainConstraints>false</useDomainConstraints>
<use>1</use>
<logicalDatatype>LOGDT025</logicalDatatype>
<ownDataTypeParameters>,,</ownDataTypeParameters>
</Attribute>
<Attribute name="Asiento" id="367123D1-0224-D981-6255-7FD107782C55">
<createdBy>crist</createdBy>
<createdTime>2025-08-15 15:22:01 UTC</createdTime>
<ownerDesignName>Exp1_S1_Grupo3</ownerDesignName>
<engineerTo>
<item key="714D238A-92A3-7402-D2BD-DB7A36B389C6" value="true"/>
</engineerTo>
<useDomainConstraints>false</useDomainConstraints>
<use>1</use>
<logicalDatatype>LOGDT025</logicalDatatype>
<ownDataTypeParameters>,,</ownDataTypeParameters>
</Attribute>
<Attribute name="Num_Ticket" id="2D6F1D97-EA7D-EB43-510D-8CF704A4CA6F">
<createdBy>crist</createdBy>
<createdTime>2025-08-15 15:23:00 UTC</createdTime>
<ownerDesignName>Exp1_S1_Grupo3</ownerDesignName>
<engineerTo>
<item key="714D238A-92A3-7402-D2BD-DB7A36B389C6" value="true"/>
</engineerTo>
<useDomainConstraints>false</useDomainConstraints>
<use>1</use>
<logicalDatatype>LOGDT019</logicalDatatype>
<ownDataTypeParameters>,,</ownDataTypeParameters>
</Attribute>
<Attribute name="fecha_Reserva" id="545F7FFE-278B-7C81-6D48-0D4F69136233">
<createdBy>wdiazc</createdBy>
<createdTime>2025-08-18 18:52:01 UTC</createdTime>
<ownerDesignName>Exp1_S1_Grupo3</ownerDesignName>
<engineerTo>
<item key="714D238A-92A3-7402-D2BD-DB7A36B389C6" value="true"/>
</engineerTo>
<useDomainConstraints>false</useDomainConstraints>
<use>1</use>
<logicalDatatype>LOGDT007</logicalDatatype>
<ownDataTypeParameters>,,</ownDataTypeParameters>
</Attribute>
<Attribute name="fecha_Viaje" id="AA12C082-6EB6-299D-F316-FB5149A5CBC1">
<createdBy>wdiazc</createdBy>
<createdTime>2025-08-18 18:55:36 UTC</createdTime>
<ownerDesignName>Exp1_S1_Grupo3</ownerDesignName>
<engineerTo>
<item key="714D238A-92A3-7402-D2BD-DB7A36B389C6" value="true"/>
</engineerTo>
<useDomainConstraints>false</useDomainConstraints>
<use>1</use>
<logicalDatatype>LOGDT007</logicalDatatype>
<ownDataTypeParameters>,,</ownDataTypeParameters>
</Attribute>
<Attribute name="Estado" id="E4034A73-7733-C93A-ED52-A3C5B508D416">
<createdBy>wdiazc</createdBy>
<createdTime>2025-08-18 18:56:16 UTC</createdTime>
<ownerDesignName>Exp1_S1_Grupo3</ownerDesignName>
<engineerTo>
<item key="714D238A-92A3-7402-D2BD-DB7A36B389C6" value="true"/>
</engineerTo>
<useDomainConstraints>false</useDomainConstraints>
<use>1</use>
<logicalDatatype>LOGDT024</logicalDatatype>
<ownDataTypeParameters>,,</ownDataTypeParameters>
</Attribute>
<Attribute name="Rut" id="A50E485E-AB40-9D9C-D384-40395F46B7D7">
<createdBy>wdiazc</createdBy>
<createdTime>2025-08-18 20:09:48 UTC</createdTime>
<generatorID>3380E686-6688-8080-A9CC-86FAB01CBD7A</generatorID>
<ownerDesignName>Exp1_S1_Grupo3</ownerDesignName>
<engineerTo>
<item key="714D238A-92A3-7402-D2BD-DB7A36B389C6" value="true"/>
</engineerTo>
<referedAttribute>4AADFD91-02BF-4F92-F144-EED1E408C1B1</referedAttribute>
<useDomainConstraints>false</useDomainConstraints>
<use>1</use>
<logicalDatatype>LOGDT024</logicalDatatype>
<ownDataTypeParameters>,,</ownDataTypeParameters>
</Attribute>
<Attribute name="Pasaporte" id="5B1DFA6A-B5E6-BA02-5477-BE9518A7BFA0">
<createdBy>wdiazc</createdBy>
<createdTime>2025-08-18 20:10:04 UTC</createdTime>
<generatorID>DA9D8775-33D6-5141-1CE3-2E42E090D777</generatorID>
<ownerDesignName>Exp1_S1_Grupo3</ownerDesignName>
<engineerTo>
<item key="714D238A-92A3-7402-D2BD-DB7A36B389C6" value="true"/>
</engineerTo>
<referedAttribute>41599B4D-EEBD-3046-5079-90A229483228</referedAttribute>
<useDomainConstraints>false</useDomainConstraints>
<use>1</use>
<logicalDatatype>LOGDT024</logicalDatatype>
<ownDataTypeParameters>,,</ownDataTypeParameters>
</Attribute>
</attributes>
<identifiers itemClass="oracle.dbtools.crest.model.design.logical.CandidateKey">
<identifier id="E6E1AD1C-95EB-5BA2-0201-7A7E2BA5C8D3" name="Reserva PK">
<createdBy>crist</createdBy>
<createdTime>2025-08-15 15:21:14 UTC</createdTime>
<ownerDesignName>Exp1_S1_Grupo3</ownerDesignName>
<engineerTo>
<item key="714D238A-92A3-7402-D2BD-DB7A36B389C6" value="true"/>
</engineerTo>
<pk>true</pk>
<usedAttributes>
<attributeRef>B5A8C1C6-6540-A4CC-621F-7978D3AEA050</attributeRef>
</usedAttributes>
</identifier>
</identifiers>
</Entity>