<?xml version = '1.0' encoding = 'UTF-8'?>
<Diagram class="oracle.dbtools.crest.swingui.logical.DPVLogical" name="Logical" id="6BC65458-6251-3D95-3903-2A02AEC4CED9">
<createdBy>crist</createdBy>
<modifiedBy>crist</modifiedBy>
<createdTime>2025-08-15 14:52:24 UTC</createdTime>
<autoRoute>false</autoRoute>
<boxInbox>true</boxInbox>
<showLegend>false</showLegend>
<showLabels>false</showLabels>
<showRelAttributes>false</showRelAttributes>
<gridEnabled>false</gridEnabled>
<showGrid>false</showGrid>
<diagramColor>-1</diagramColor>
<display>false</display>
<notation>1</notation>
<objectViews>
<OView class="oracle.dbtools.crest.swingui.logical.TVEntity" oid="0BAF9117-5689-4B52-D314-A75200E48ACA" otype="Entity" vid="74EB52A6-C752-3BD6-3859-F8A22B374CAB">
<hideElementsInCurrentOnly>false</hideElementsInCurrentOnly>
<bounds x="87" y="239" width="101" height="65"/>
</OView>
<OView class="oracle.dbtools.crest.swingui.logical.TVEntity" oid="1E586A11-E9C8-3F85-D5B9-EAFA55C7146F" otype="Entity" vid="3C0A1F73-23BA-E774-0299-231E16F9E00B">
<hideElementsInCurrentOnly>false</hideElementsInCurrentOnly>
<bounds x="794" y="288" width="170" height="110"/>
</OView>
<OView class="oracle.dbtools.crest.swingui.logical.TVEntity" oid="2536CCD6-F8C3-4263-EBCA-3F3053E35502" otype="Entity" vid="73526424-A988-675F-A0B7-ADBEF677FC6C">
<hideElementsInCurrentOnly>false</hideElementsInCurrentOnly>
<bounds x="783" y="14" width="187" height="221"/>
</OView>
<OView class="oracle.dbtools.crest.swingui.logical.TVEntity" oid="3046C37E-58B8-1A07-0C87-A45A0F851868" otype="Entity" vid="E8B8B888-85C5-12C0-DA2C-7CDB818E9124">
<hideElementsInCurrentOnly>false</hideElementsInCurrentOnly>
<bounds x="445" y="243" width="183" height="196"/>
</OView>
<OView class="oracle.dbtools.crest.swingui.logical.TVEntity" oid="4032DD7C-A07D-FEB9-42B5-3D575901CFA3" otype="Entity" vid="2C9BD7C8-EDCB-244B-6325-6AEF56C29424">
<hideElementsInCurrentOnly>false</hideElementsInCurrentOnly>
<bounds x="33" y="5" width="199" height="186"/>
</OView>
<OView class="oracle.dbtools.crest.swingui.logical.TVEntity" oid="4C176B79-7169-3EA4-21ED-A0828A2F34A4" otype="Entity" vid="054BBA3A-5EDE-8973-47C1-9F3376463F1F">
<hideElementsInCurrentOnly>false</hideElementsInCurrentOnly>
<bounds x="454" y="6" width="200" height="177"/>
</OView>
</objectViews>
<connectors>
<Connector class="oracle.dbtools.crest.swingui.logical.TVRelation" oid="3380E686-6688-8080-A9CC-86FAB01CBD7A" otype="Relation" vid_source="2C9BD7C8-EDCB-244B-6325-6AEF56C29424" vid_target="E8B8B888-85C5-12C0-DA2C-7CDB818E9124">
<hideElementsInCurrentOnly>false</hideElementsInCurrentOnly>
<backgroundColor>-16777216</backgroundColor>
<lineWidth>1</lineWidth>
<points>
<point x="232" y="157"/>
<point x="445" y="285"/>
</points>
</Connector>
<Connector class="oracle.dbtools.crest.swingui.logical.TVRelation" oid="5F33C332-DB29-EE7D-ED6C-0E4CCB8E25D5" otype="Relation" vid_source="73526424-A988-675F-A0B7-ADBEF677FC6C" vid_target="3C0A1F73-23BA-E774-0299-231E16F9E00B">
<hideElementsInCurrentOnly>false</hideElementsInCurrentOnly>
<backgroundColor>-16777216</backgroundColor>
<lineWidth>1</lineWidth>
<points>
<point x="879" y="235"/>
<point x="879" y="288"/>
</points>
</Connector>
<Connector class="oracle.dbtools.crest.swingui.logical.TVRelation" oid="808940B0-08FD-A660-2DB7-6BC8525B73CD" otype="Relation" vid_source="054BBA3A-5EDE-8973-47C1-9F3376463F1F" vid_target="E8B8B888-85C5-12C0-DA2C-7CDB818E9124">
<hideElementsInCurrentOnly>false</hideElementsInCurrentOnly>
<backgroundColor>-16777216</backgroundColor>
<lineWidth>1</lineWidth>
<points>
<point x="541" y="183"/>
<point x="541" y="243"/>
</points>
</Connector>
<Connector class="oracle.dbtools.crest.swingui.logical.TVRelation" oid="C90DC9D8-9F8F-BFB7-11E1-2B7F9F13BBAC" otype="Relation" vid_source="2C9BD7C8-EDCB-244B-6325-6AEF56C29424" vid_target="74EB52A6-C752-3BD6-3859-F8A22B374CAB">
<hideElementsInCurrentOnly>false</hideElementsInCurrentOnly>
<backgroundColor>-16777216</backgroundColor>
<lineWidth>1</lineWidth>
<points>
<point x="137" y="191"/>
<point x="137" y="239"/>
</points>
</Connector>
<Connector class="oracle.dbtools.crest.swingui.logical.TVRelation" oid="DA9D8775-33D6-5141-1CE3-2E42E090D777" otype="Relation" vid_source="73526424-A988-675F-A0B7-ADBEF677FC6C" vid_target="E8B8B888-85C5-12C0-DA2C-7CDB818E9124">
<hideElementsInCurrentOnly>false</hideElementsInCurrentOnly>
<backgroundColor>-16777216</backgroundColor>
<lineWidth>1</lineWidth>
<points>
<point x="783" y="184"/>
<point x="628" y="282"/>
</points>
</Connector>
</connectors>
<displays>
<Display class="oracle.dbtools.crest.swingui.logical.DPVLogical" name="Display_2" id="21350AAE-36A4-3346-D43E-F6744AE251FB">
<createdBy>wdiazc</createdBy>
<modifiedBy>wdiazc</modifiedBy>
<createdTime>2025-08-19 00:32:43 UTC</createdTime>
<autoRoute>false</autoRoute>
<boxInbox>true</boxInbox>
<showLegend>false</showLegend>
<showLabels>false</showLabels>
<showRelAttributes>false</showRelAttributes>
<gridEnabled>false</gridEnabled>
<showGrid>false</showGrid>
<diagramColor>-1</diagramColor>
<display>true</display>
<notation>0</notation>
<showDynamicProperties>true</showDynamicProperties>
<objectViews>
<OView class="oracle.dbtools.crest.swingui.logical.TVEntity" oid="0BAF9117-5689-4B52-D314-A75200E48ACA" otype="Entity" vid="087D2BA3-AD76-0B73-AB67-DE9E1E8DDDBF">
<hideElementsInCurrentOnly>false</hideElementsInCurrentOnly>
<bounds x="829" y="223" width="197" height="99"/>
</OView>
<OView class="oracle.dbtools.crest.swingui.logical.TVEntity" oid="1E586A11-E9C8-3F85-D5B9-EAFA55C7146F" otype="Entity" vid="F15476C1-0697-0082-1B70-CF8EA9A2F585">
<hideElementsInCurrentOnly>false</hideElementsInCurrentOnly>
<bounds x="44" y="268" width="170" height="110"/>
</OView>
<OView class="oracle.dbtools.crest.swingui.logical.TVEntity" oid="2536CCD6-F8C3-4263-EBCA-3F3053E35502" otype="Entity" vid="B2615EB9-7079-3FD5-C813-3FDDF138F87C">
<hideElementsInCurrentOnly>false</hideElementsInCurrentOnly>
<bounds x="41" y="7" width="215" height="221"/>
</OView>
<OView class="oracle.dbtools.crest.swingui.logical.TVEntity" oid="3046C37E-58B8-1A07-0C87-A45A0F851868" otype="Entity" vid="2B98BD45-90F0-F596-EAF3-2F015667FDBB">
<hideElementsInCurrentOnly>false</hideElementsInCurrentOnly>
<bounds x="423" y="214" width="257" height="214"/>
</OView>
<OView class="oracle.dbtools.crest.swingui.logical.TVEntity" oid="4032DD7C-A07D-FEB9-42B5-3D575901CFA3" otype="Entity" vid="60721B56-39D7-383F-4276-2CE36EBE20A8">
<hideElementsInCurrentOnly>false</hideElementsInCurrentOnly>
<bounds x="828" y="8" width="199" height="186"/>
</OView>
<OView class="oracle.dbtools.crest.swingui.logical.TVEntity" oid="4C176B79-7169-3EA4-21ED-A0828A2F34A4" otype="Entity" vid="9C3F6C0A-6248-870C-6B7B-18A891241D9E">
<hideElementsInCurrentOnly>false</hideElementsInCurrentOnly>
<bounds x="445" y="11" width="200" height="177"/>
</OView>
</objectViews>
<connectors>
<Connector class="oracle.dbtools.crest.swingui.logical.TVRelation" oid="3380E686-6688-8080-A9CC-86FAB01CBD7A" otype="Relation" vid_source="60721B56-39D7-383F-4276-2CE36EBE20A8" vid_target="2B98BD45-90F0-F596-EAF3-2F015667FDBB">
<hideElementsInCurrentOnly>false</hideElementsInCurrentOnly>
<backgroundColor>-16777216</backgroundColor>
<lineWidth>1</lineWidth>
<points>
<point x="828" y="159"/>
<point x="680" y="245"/>
</points>
</Connector>
<Connector class="oracle.dbtools.crest.swingui.logical.TVRelation" oid="5F33C332-DB29-EE7D-ED6C-0E4CCB8E25D5" otype="Relation" vid_source="B2615EB9-7079-3FD5-C813-3FDDF138F87C" vid_target="F15476C1-0697-0082-1B70-CF8EA9A2F585">
<hideElementsInCurrentOnly>false</hideElementsInCurrentOnly>
<backgroundColor>-16777216</backgroundColor>
<lineWidth>1</lineWidth>
<points>
<point x="129" y="228"/>
<point x="129" y="268"/>
</points>
</Connector>
<Connector class="oracle.dbtools.crest.swingui.logical.TVRelation" oid="808940B0-08FD-A660-2DB7-6BC8525B73CD" otype="Relation" vid_source="9C3F6C0A-6248-870C-6B7B-18A891241D9E" vid_target="2B98BD45-90F0-F596-EAF3-2F015667FDBB">
<hideElementsInCurrentOnly>false</hideElementsInCurrentOnly>
<backgroundColor>-16777216</backgroundColor>
<lineWidth>1</lineWidth>
<points>
<point x="545" y="188"/>
<point x="545" y="214"/>
</points>
</Connector>
<Connector class="oracle.dbtools.crest.swingui.logical.TVRelation" oid="C90DC9D8-9F8F-BFB7-11E1-2B7F9F13BBAC" otype="Relation" vid_source="60721B56-39D7-383F-4276-2CE36EBE20A8" vid_target="087D2BA3-AD76-0B73-AB67-DE9E1E8DDDBF">
<hideElementsInCurrentOnly>false</hideElementsInCurrentOnly>
<backgroundColor>-16777216</backgroundColor>
<lineWidth>1</lineWidth>
<points>
<point x="927" y="194"/>
<point x="927" y="223"/>
</points>
</Connector>
<Connector class="oracle.dbtools.crest.swingui.logical.TVRelation" oid="DA9D8775-33D6-5141-1CE3-2E42E090D777" otype="Relation" vid_source="B2615EB9-7079-3FD5-C813-3FDDF138F87C" vid_target="2B98BD45-90F0-F596-EAF3-2F015667FDBB">
<hideElementsInCurrentOnly>false</hideElementsInCurrentOnly>
<backgroundColor>-16777216</backgroundColor>
<lineWidth>1</lineWidth>
<points>
<point x="256" y="221"/>
<point x="423" y="221"/>
</points>
</Connector>
</connectors>
</Display>
</displays>
</Diagram>