<?xml version = '1.0' encoding = 'UTF-8'?>
<Relation class="oracle.dbtools.crest.model.design.logical.Relation" name="Relation_4" directorySegmentName="seg_0" id="3380E686-6688-8080-A9CC-86FAB01CBD7A">
<createdBy>wdiazc</createdBy>
<createdTime>2025-08-18 20:09:11 UTC</createdTime>
<ownerDesignName>Exp1_S1_Grupo3</ownerDesignName>
<engineerTo>
<item key="714D238A-92A3-7402-D2BD-DB7A36B389C6" value="true"/>
</engineerTo>
<sourcePk>0F94FE44-AF6C-BDC1-EBB9-C41FE6B6B2A7</sourcePk>
<targetPk>E6E1AD1C-95EB-5BA2-0201-7A7E2BA5C8D3</targetPk>
<identifying>false</identifying>
<optionalSource>true</optionalSource>
<optionalTarget>false</optionalTarget>
<sourceCardinality>1</sourceCardinality>
<sourceEntity>4032DD7C-A07D-FEB9-42B5-3D575901CFA3</sourceEntity>
<targetCardinalityString>*</targetCardinalityString>
<targetEntity>3046C37E-58B8-1A07-0C87-A45A0F851868</targetEntity>
<transferable>true</transferable>
<deleteRule>NO ACTION</deleteRule>
</Relation>