<?xml version = '1.0' encoding = 'UTF-8'?>
<Relation class="oracle.dbtools.crest.model.design.logical.Relation" name="Tipo_PAX" directorySegmentName="seg_0" id="5F33C332-DB29-EE7D-ED6C-0E4CCB8E25D5">
<createdBy>crist</createdBy>
<createdTime>2025-08-15 15:19:03 UTC</createdTime>
<ownerDesignName>Exp1_S1_Grupo3</ownerDesignName>
<engineerTo>
<item key="714D238A-92A3-7402-D2BD-DB7A36B389C6" value="true"/>
</engineerTo>
<identifying>false</identifying>
<optionalSource>true</optionalSource>
<optionalTarget>false</optionalTarget>
<sourceCardinality>*</sourceCardinality>
<sourceEntity>2536CCD6-F8C3-4263-EBCA-3F3053E35502</sourceEntity>
<targetCardinalityString>*</targetCardinalityString>
<targetEntity>1E586A11-E9C8-3F85-D5B9-EAFA55C7146F</targetEntity>
<transferable>true</transferable>
<deleteRule>NO ACTION</deleteRule>
</Relation>