<?xml version = '1.0' encoding = 'UTF-8'?>
<Relation class="oracle.dbtools.crest.model.design.logical.Relation" name="Reserva" directorySegmentName="seg_0" id="808940B0-08FD-A660-2DB7-6BC8525B73CD">
<createdBy>crist</createdBy>
<createdTime>2025-08-15 15:22:48 UTC</createdTime>
<ownerDesignName>Exp1_S1_Grupo3</ownerDesignName>
<engineerTo>
<item key="714D238A-92A3-7402-D2BD-DB7A36B389C6" value="true"/>
</engineerTo>
<identifying>false</identifying>
<optionalSource>true</optionalSource>
<optionalTarget>false</optionalTarget>
<sourceCardinality>*</sourceCardinality>
<sourceEntity>4C176B79-7169-3EA4-21ED-A0828A2F34A4</sourceEntity>
<targetCardinalityString>*</targetCardinalityString>
<targetEntity>3046C37E-58B8-1A07-0C87-A45A0F851868</targetEntity>
<transferable>true</transferable>
<deleteRule>NO ACTION</deleteRule>
</Relation>