<?xml version = '1.0' encoding = 'UTF-8'?>
<Relation class="oracle.dbtools.crest.model.design.logical.Relation" name="Genero" directorySegmentName="seg_0" id="C90DC9D8-9F8F-BFB7-11E1-2B7F9F13BBAC">
<createdBy>crist</createdBy>
<createdTime>2025-08-15 15:25:02 UTC</createdTime>
<ownerDesignName>Exp1_S1_Grupo3</ownerDesignName>
<engineerTo>
<item key="714D238A-92A3-7402-D2BD-DB7A36B389C6" value="true"/>
</engineerTo>
<sourcePk>0F94FE44-AF6C-BDC1-EBB9-C41FE6B6B2A7</sourcePk>
<identifying>false</identifying>
<optionalSource>true</optionalSource>
<optionalTarget>false</optionalTarget>
<sourceCardinality>1</sourceCardinality>
<sourceEntity>4032DD7C-A07D-FEB9-42B5-3D575901CFA3</sourceEntity>
<targetCardinalityString>*</targetCardinalityString>
<targetEntity>0BAF9117-5689-4B52-D314-A75200E48ACA</targetEntity>
<transferable>true</transferable>
<deleteRule>NO ACTION</deleteRule>
</Relation>