<?xml version = '1.0' encoding = 'UTF-8'?>
<Relation class="oracle.dbtools.crest.model.design.logical.Relation" name="Relation_5" directorySegmentName="seg_0" id="DA9D8775-33D6-5141-1CE3-2E42E090D777">
<createdBy>wdiazc</createdBy>
<createdTime>2025-08-18 20:10:04 UTC</createdTime>
<ownerDesignName>Exp1_S1_Grupo3</ownerDesignName>
<engineerTo>
<item key="714D238A-92A3-7402-D2BD-DB7A36B389C6" value="true"/>
</engineerTo>
<sourcePk>980B84AD-AAC1-C3C0-77B9-E4EB07A6DC08</sourcePk>
<identifying>false</identifying>
<optionalSource>true</optionalSource>
<optionalTarget>false</optionalTarget>
<sourceCardinality>1</sourceCardinality>
<sourceEntity>2536CCD6-F8C3-4263-EBCA-3F3053E35502</sourceEntity>
<targetCardinalityString>*</targetCardinalityString>
<targetEntity>3046C37E-58B8-1A07-0C87-A45A0F851868</targetEntity>
<transferable>true</transferable>
<deleteRule>NO ACTION</deleteRule>
</Relation>